<?xml version="1.0" encoding="UTF-8"?>
<ti:module xmlns:ti="http://ti.appcelerator.org" xmlns:android="http://schemas.android.com/apk/res/android">
	<!--
		Similar to tiapp.xml, but contains module/platform specific
		configuration in <iphone>, <android>, and <mobileweb> sections
	-->
	<iphone>
	</iphone>

	
	<android xmlns:android="http://schemas.android.com/apk/res/android">
    	<manifest>
    		<uses-permission android:name="android.permission.READ_EXTERNAL_STORAGE"/>
    		<uses-permission android:name="android.permission.WRITE_EXTERNAL_STORAGE"/>
    		
    		<application>
    			<activity android:name="com.theartofdev.edmodo.cropper.CropImageActivity" />
				<activity android:name="in.prashant.imagecrop.ImageDemo" />
    		</application>
    	</manifest>
	</android>
	
	<mobileweb>
	</mobileweb>
	<property name="android.javac.source" type="string">1.7</property>
	<property name="android.javac.target" type="string">1.7</property>
</ti:module>
